,lnoutput,lnlabor,lncapital
lnoutput,1.0,0.9708608175647774,0.9733693847973858
lnlabor,0.9708608175647774,1.0,0.9604018701271212
lncapital,0.9733693847973858,0.9604018701271212,1.0
